root_id,is_readout,rate_A_hz,rate_B_hz,delta_hz,relative_change
720575940645521262,true,0.0000,0.0000,0.0000,
720575940660219265,true,0.0000,0.0000,0.0000,
720575940629176663,false,110.0000,110.0000,0.0000,0.000000
720575940622695448,false,90.0000,90.0000,0.0000,0.000000
720575940627383685,false,80.0000,80.0000,0.0000,0.000000
720575940629888530,false,80.0000,80.0000,0.0000,0.000000
720575940621754367,false,70.0000,70.0000,0.0000,0.000000
720575940612670570,false,70.0000,70.0000,0.0000,0.000000
720575940617000768,false,70.0000,70.0000,0.0000,0.000000
720575940633143833,false,70.0000,70.0000,0.0000,0.000000
720575940624963786,false,60.0000,60.0000,0.0000,0.000000
720575940632425919,false,60.0000,60.0000,0.0000,0.000000
720575940639198653,false,60.0000,60.0000,0.0000,0.000000
720575940619973712,false,60.0000,60.0000,0.0000,0.000000
720575940621502051,false,60.0000,60.0000,0.0000,0.000000
720575940637568838,false,60.0000,60.0000,0.0000,0.000000
720575940615041430,false,50.0000,50.0000,0.0000,0.000000
720575940630233916,false,50.0000,50.0000,0.0000,0.000000
720575940639332736,false,50.0000,50.0000,0.0000,0.000000
720575940617937543,false,50.0000,50.0000,0.0000,0.000000
720575940632889389,false,50.0000,50.0000,0.0000,0.000000
720575940652580086,false,50.0000,50.0000,0.0000,0.000000
720575940640649691,false,50.0000,50.0000,0.0000,0.000000
720575940638103349,false,50.0000,50.0000,0.0000,0.000000
720575940628853239,false,50.0000,50.0000,0.0000,0.000000
720575940626191306,false,50.0000,50.0000,0.0000,0.000000
720575940630797113,false,40.0000,40.0000,0.0000,0.000000
720575940620874757,false,40.0000,40.0000,0.0000,0.000000
720575940616885538,false,40.0000,40.0000,0.0000,0.000000
720575940614763666,false,40.0000,40.0000,0.0000,0.000000
720575940632648612,false,40.0000,40.0000,0.0000,0.000000
720575940636053678,false,30.0000,30.0000,0.0000,0.000000
720575940633185567,false,30.0000,30.0000,0.0000,0.000000
720575940612906518,false,30.0000,30.0000,0.0000,0.000000
720575940632047890,false,30.0000,30.0000,0.0000,0.000000
720575940620900446,false,30.0000,30.0000,0.0000,0.000000
720575940633277209,false,30.0000,30.0000,0.0000,0.000000
720575940655014049,false,30.0000,30.0000,0.0000,0.000000
720575940616103218,false,30.0000,20.0000,-10.0000,-0.333333
720575940621586854,false,30.0000,30.0000,0.0000,0.000000
720575940638202345,false,30.0000,30.0000,0.0000,0.000000
720575940612611301,false,30.0000,30.0000,0.0000,0.000000
720575940611875570,false,30.0000,30.0000,0.0000,0.000000
720575940606866377,false,20.0000,20.0000,0.0000,0.000000
720575940620274085,false,20.0000,20.0000,0.0000,0.000000
720575940639285949,false,20.0000,20.0000,0.0000,0.000000
720575940631997032,false,20.0000,20.0000,0.0000,0.000000
720575940630996055,false,20.0000,20.0000,0.0000,0.000000
720575940623352063,false,20.0000,20.0000,0.0000,0.000000
720575940623210445,false,20.0000,20.0000,0.0000,0.000000
720575940628755815,false,20.0000,20.0000,0.0000,0.000000
720575940625705930,false,20.0000,20.0000,0.0000,0.000000
720575940612064113,false,20.0000,20.0000,0.0000,0.000000
720575940628114684,false,20.0000,20.0000,0.0000,0.000000
720575940612692633,false,20.0000,20.0000,0.0000,0.000000
720575940612423922,false,20.0000,20.0000,0.0000,0.000000
720575940628972048,false,20.0000,20.0000,0.0000,0.000000
720575940630579574,false,20.0000,20.0000,0.0000,0.000000
720575940633674135,false,20.0000,20.0000,0.0000,0.000000
720575940635179871,false,10.0000,10.0000,0.0000,0.000000
720575940629744599,false,10.0000,10.0000,0.0000,0.000000
720575940620031366,false,10.0000,10.0000,0.0000,0.000000
720575940625102692,false,10.0000,10.0000,0.0000,0.000000
720575940607386290,false,10.0000,10.0000,0.0000,0.000000
720575940612036837,false,10.0000,10.0000,0.0000,0.000000
720575940630667372,false,10.0000,10.0000,0.0000,0.000000
720575940631959097,false,10.0000,10.0000,0.0000,0.000000
720575940630664556,false,10.0000,10.0000,0.0000,0.000000
720575940660223873,false,10.0000,10.0000,0.0000,0.000000
720575940631349335,false,10.0000,10.0000,0.0000,0.000000
720575940625867056,false,10.0000,10.0000,0.0000,0.000000
720575940607451081,false,10.0000,10.0000,0.0000,0.000000
720575940636828334,false,10.0000,10.0000,0.0000,0.000000
720575940625175054,false,10.0000,10.0000,0.0000,0.000000
720575940635839077,false,10.0000,10.0000,0.0000,0.000000
720575940642428045,false,10.0000,10.0000,0.0000,0.000000
720575940626279742,false,10.0000,10.0000,0.0000,0.000000
720575940620780272,false,10.0000,10.0000,0.0000,0.000000
720575940616018956,false,10.0000,10.0000,0.0000,0.000000
720575940632722771,false,10.0000,10.0000,0.0000,0.000000
720575940617593233,false,10.0000,10.0000,0.0000,0.000000
720575940618574749,false,10.0000,10.0000,0.0000,0.000000
720575940631703608,false,10.0000,10.0000,0.0000,0.000000
720575940625047484,false,10.0000,10.0000,0.0000,0.000000
720575940619473624,false,10.0000,10.0000,0.0000,0.000000
720575940625178768,false,10.0000,10.0000,0.0000,0.000000
720575940641366517,false,10.0000,10.0000,0.0000,0.000000
720575940622235425,false,10.0000,10.0000,0.0000,0.000000
