condition,trial,root_id,spike_count,rate_hz,is_readout
A,0,720575940645521262,0,0.0000,true
A,0,720575940660219265,0,0.0000,true
A,0,720575940630233916,5,50.0000,false
A,0,720575940625102692,1,10.0000,false
A,0,720575940607386290,1,10.0000,false
A,0,720575940617937543,5,50.0000,false
A,0,720575940626191306,5,50.0000,false
A,0,720575940623210445,2,20.0000,false
A,0,720575940631959097,1,10.0000,false
A,0,720575940618574749,1,10.0000,false
A,0,720575940612036837,1,10.0000,false
A,0,720575940612423922,2,20.0000,false
A,0,720575940625047484,1,10.0000,false
A,0,720575940617000768,7,70.0000,false
A,0,720575940607451081,1,10.0000,false
A,0,720575940632425919,6,60.0000,false
A,0,720575940629744599,1,10.0000,false
A,0,720575940652580086,5,50.0000,false
A,0,720575940628853239,5,50.0000,false
A,0,720575940635839077,1,10.0000,false
A,0,720575940639285949,2,20.0000,false
A,0,720575940620274085,2,20.0000,false
A,0,720575940622695448,9,90.0000,false
A,0,720575940633185567,3,30.0000,false
A,0,720575940633277209,3,30.0000,false
A,0,720575940638202345,3,30.0000,false
A,0,720575940632047890,3,30.0000,false
A,0,720575940624963786,6,60.0000,false
A,0,720575940626279742,1,10.0000,false
A,0,720575940619473624,1,10.0000,false
A,0,720575940612064113,2,20.0000,false
A,0,720575940639332736,5,50.0000,false
A,0,720575940622235425,1,10.0000,false
A,0,720575940619973712,6,60.0000,false
A,0,720575940616885538,4,40.0000,false
A,0,720575940612906518,3,30.0000,false
A,0,720575940625178768,1,10.0000,false
A,0,720575940621754367,7,70.0000,false
A,0,720575940620874757,4,40.0000,false
A,0,720575940638103349,5,50.0000,false
A,0,720575940625867056,1,10.0000,false
A,0,720575940655014049,3,30.0000,false
A,0,720575940629888530,8,80.0000,false
A,0,720575940627383685,8,80.0000,false
A,0,720575940631349335,1,10.0000,false
A,0,720575940612692633,2,20.0000,false
A,0,720575940660223873,1,10.0000,false
A,0,720575940615041430,5,50.0000,false
A,0,720575940612611301,3,30.0000,false
A,0,720575940621586854,3,30.0000,false
A,0,720575940642428045,1,10.0000,false
A,0,720575940623352063,2,20.0000,false
A,0,720575940614763666,4,40.0000,false
A,0,720575940636828334,1,10.0000,false
A,0,720575940606866377,2,20.0000,false
A,0,720575940630797113,4,40.0000,false
A,0,720575940630579574,2,20.0000,false
A,0,720575940630664556,1,10.0000,false
A,0,720575940640649691,5,50.0000,false
A,0,720575940637568838,6,60.0000,false
A,0,720575940632648612,4,40.0000,false
A,0,720575940616103218,3,30.0000,false
A,0,720575940633674135,2,20.0000,false
A,0,720575940632889389,5,50.0000,false
A,0,720575940631703608,1,10.0000,false
A,0,720575940635179871,1,10.0000,false
A,0,720575940629176663,11,110.0000,false
A,0,720575940641366517,1,10.0000,false
A,0,720575940632722771,1,10.0000,false
A,0,720575940630667372,1,10.0000,false
A,0,720575940620031366,1,10.0000,false
A,0,720575940633143833,7,70.0000,false
A,0,720575940620900446,3,30.0000,false
A,0,720575940628114684,2,20.0000,false
A,0,720575940628972048,2,20.0000,false
A,0,720575940621502051,6,60.0000,false
A,0,720575940631997032,2,20.0000,false
A,0,720575940639198653,6,60.0000,false
A,0,720575940612670570,7,70.0000,false
A,0,720575940625705930,2,20.0000,false
A,0,720575940611875570,3,30.0000,false
A,0,720575940628755815,2,20.0000,false
A,0,720575940617593233,1,10.0000,false
A,0,720575940620780272,1,10.0000,false
A,0,720575940625175054,1,10.0000,false
A,0,720575940616018956,1,10.0000,false
A,0,720575940630996055,2,20.0000,false
A,0,720575940636053678,3,30.0000,false
B,0,720575940645521262,0,0.0000,true
B,0,720575940660219265,0,0.0000,true
B,0,720575940628853239,5,50.0000,false
B,0,720575940633674135,2,20.0000,false
B,0,720575940611875570,3,30.0000,false
B,0,720575940635839077,1,10.0000,false
B,0,720575940620274085,2,20.0000,false
B,0,720575940626279742,1,10.0000,false
B,0,720575940631997032,2,20.0000,false
B,0,720575940631959097,1,10.0000,false
B,0,720575940625178768,1,10.0000,false
B,0,720575940620031366,1,10.0000,false
B,0,720575940618574749,1,10.0000,false
B,0,720575940639285949,2,20.0000,false
B,0,720575940622235425,1,10.0000,false
B,0,720575940621754367,7,70.0000,false
B,0,720575940622695448,9,90.0000,false
B,0,720575940626191306,5,50.0000,false
B,0,720575940633185567,3,30.0000,false
B,0,720575940619973712,6,60.0000,false
B,0,720575940632722771,1,10.0000,false
B,0,720575940630667372,1,10.0000,false
B,0,720575940632648612,4,40.0000,false
B,0,720575940623210445,2,20.0000,false
B,0,720575940607386290,1,10.0000,false
B,0,720575940635179871,1,10.0000,false
B,0,720575940630664556,1,10.0000,false
B,0,720575940641366517,1,10.0000,false
B,0,720575940630996055,2,20.0000,false
B,0,720575940615041430,5,50.0000,false
B,0,720575940630579574,2,20.0000,false
B,0,720575940638202345,3,30.0000,false
B,0,720575940660223873,1,10.0000,false
B,0,720575940636053678,3,30.0000,false
B,0,720575940631703608,1,10.0000,false
B,0,720575940637568838,6,60.0000,false
B,0,720575940640649691,5,50.0000,false
B,0,720575940612906518,3,30.0000,false
B,0,720575940606866377,2,20.0000,false
B,0,720575940607451081,1,10.0000,false
B,0,720575940628114684,2,20.0000,false
B,0,720575940616103218,2,20.0000,false
B,0,720575940625867056,1,10.0000,false
B,0,720575940636828334,1,10.0000,false
B,0,720575940616885538,4,40.0000,false
B,0,720575940612692633,2,20.0000,false
B,0,720575940633277209,3,30.0000,false
B,0,720575940629744599,1,10.0000,false
B,0,720575940617937543,5,50.0000,false
B,0,720575940612423922,2,20.0000,false
B,0,720575940616018956,1,10.0000,false
B,0,720575940619473624,1,10.0000,false
B,0,720575940627383685,8,80.0000,false
B,0,720575940631349335,1,10.0000,false
B,0,720575940614763666,4,40.0000,false
B,0,720575940612611301,3,30.0000,false
B,0,720575940617593233,1,10.0000,false
B,0,720575940625102692,1,10.0000,false
B,0,720575940629888530,8,80.0000,false
B,0,720575940638103349,5,50.0000,false
B,0,720575940632889389,5,50.0000,false
B,0,720575940623352063,2,20.0000,false
B,0,720575940652580086,5,50.0000,false
B,0,720575940625705930,2,20.0000,false
B,0,720575940630797113,4,40.0000,false
B,0,720575940612670570,7,70.0000,false
B,0,720575940629176663,11,110.0000,false
B,0,720575940621502051,6,60.0000,false
B,0,720575940632047890,3,30.0000,false
B,0,720575940628755815,2,20.0000,false
B,0,720575940625047484,1,10.0000,false
B,0,720575940639198653,6,60.0000,false
B,0,720575940620780272,1,10.0000,false
B,0,720575940655014049,3,30.0000,false
B,0,720575940612064113,2,20.0000,false
B,0,720575940620900446,3,30.0000,false
B,0,720575940625175054,1,10.0000,false
B,0,720575940612036837,1,10.0000,false
B,0,720575940639332736,5,50.0000,false
B,0,720575940620874757,4,40.0000,false
B,0,720575940617000768,7,70.0000,false
B,0,720575940621586854,3,30.0000,false
B,0,720575940642428045,1,10.0000,false
B,0,720575940633143833,7,70.0000,false
B,0,720575940624963786,6,60.0000,false
B,0,720575940628972048,2,20.0000,false
B,0,720575940630233916,5,50.0000,false
B,0,720575940632425919,6,60.0000,false
