step,t_ms,v_mv,g_mv,not_refractory
0,0.0,-48.0,2.0,True
1,0.1,-48.01007421263865,1.9603973466135105,True
2,0.2,-48.02029373527209,1.9215788783046461,True
3,0.3,-48.03065397090853,1.8835290671684972,True
4,0.4,-48.04115042215956,1.846232692773271,True
5,0.5,-48.05177868922508,1.8096748360719188,True
6,0.6,-48.0625344679184,1.7738408734343145,True
7,0.7,-48.07341354773055,1.738716470797611,True
8,0.8,-48.084411809933286,1.704287577932422,True
9,0.9,-48.0955252257197,1.6705404228225433,True
10,1.0,-48.106749854381974,1.6374615061559628,True
11,1.1,-48.118081841525374,1.6050375959249559,True
12,1.2,-48.12951741731786,1.5732557221331058,True
13,1.3,-48.141052894774475,1.5421031716071316,True
14,1.4,-48.152684668076034,1.51156748291145,True
15,1.5,-48.1644092109212,1.4816364413634349,True
16,1.6,-48.17622307491146,1.452298074147381,True
17,1.7,-48.18812288796824,1.4235406455252186,True
18,1.8,-48.200105352781584,1.3953526521420612,True
19,1.9,-48.21216724528979,1.3677228184247106,True
20,2.0,-48.22430541318924,1.3406400920712773,True
21,2.1,-48.2365167744741,1.3140936396301122,True
22,2.2,-48.24879831600492,1.2880728421662813,True
23,2.3,-48.261147092106036,1.2625672910138503,True
24,2.4,-48.27356022319065,1.2375667836122801,True
25,2.5,-48.2860348944136,1.213061319425265,True
26,2.6,-48.298568354350806,1.189041095940387,True
27,2.7,-48.311157913705124,1.1654965047479775,True
28,2.8,-48.32380094403807,1.142418127697628,True
29,2.9,-48.33649487652676,1.1197967331308023,True
30,3.0,-48.3492372007457,1.097623272188051,True
31,3.1,-48.362025463472875,1.0758888751893472,True
32,3.2,-48.374857267519666,1.054584848086095,True
33,3.3,-48.38773027058414,1.0337026689833966,True
34,3.4,-48.40064218412722,1.0132339847311773,True
35,3.5,-48.413590772271256,0.9931706075828172,True
36,3.6,-48.42657385072066,0.9735045119199415,True
37,3.7,-48.439589285704045,0.954227831042067,True
38,3.8,-48.452634992937526,0.9353328540198166,True
39,3.9,-48.46570893660868,0.9168120226104453,True
40,4.0,-48.47880912838084,0.8986579282344413,True
41,4.1,-48.491933626417335,0.8808633090119966,True
42,4.2,-48.50508053442511,0.8634210468581575,True
43,4.3,-48.51824800071757,0.8463241646354958,True
44,4.4,-48.53143421729608,0.8295658233631609,True
45,4.5,-48.5446374189499,0.8131393194811963,True
46,4.6,-48.557855882374035,0.7970380821690265,True
47,4.7,-48.57108792530483,0.7812556707170403,True
48,4.8,-48.58433190567274,0.7657857719502221,True
49,4.9,-48.59758622077213,0.7506221977027971,True
