step,t_ms,v0_mv,g0_mv,nr0,v1_mv,g1_mv,nr1
0,0.0,0.0,0.0,True,-52.0,0.0,True
1,0.1,-52.0,0.0,False,-52.0,0.0,True
2,0.2,-52.0,0.0,False,-52.0,0.0,True
3,0.3,-52.0,0.0,False,-52.0,0.0,True
4,0.4,-52.0,0.0,False,-52.0,0.0,True
5,0.5,-52.0,0.0,False,-52.0,0.0,True
6,0.6,-52.0,0.0,False,-52.0,0.0,True
7,0.7,-52.0,0.0,False,-52.0,0.0,True
8,0.8,-52.0,0.0,False,-52.0,0.0,True
9,0.9,-52.0,0.0,False,-52.0,0.0,True
10,1.0,-52.0,0.0,False,-52.0,0.0,True
11,1.1,-52.0,0.0,False,-52.0,0.0,True
12,1.2,-52.0,0.0,False,-52.0,0.0,True
13,1.3,-52.0,0.0,False,-52.0,0.0,True
14,1.4,-52.0,0.0,False,-52.0,0.0,True
15,1.5,-52.0,0.0,False,-52.0,0.0,True
16,1.6,-52.0,0.0,False,-52.0,0.0,True
17,1.7,-52.0,0.0,False,-52.0,0.0,True
18,1.8,-52.0,0.0,False,-52.0,0.0,True
19,1.9,-52.0,0.0,False,-52.0,5.0,True
20,2.0,-52.0,0.0,False,-51.97531032352346,4.900993366533776,True
21,2.1,-52.0,0.0,False,-51.951232675671925,4.803947195761616,True
22,2.2,-52.0,0.0,False,-51.927754323301976,4.708822667921243,True
23,2.3,-52.0,0.0,True,-51.90486278846646,4.615581731933179,True
24,2.4,-52.0,0.0,True,-51.88254584334604,4.524187090179797,True
25,2.5,-52.0,0.0,True,-51.86079150528108,4.434602183585787,True
26,2.6,-52.0,0.0,True,-51.83958803190205,4.346791176994029,True
27,2.7,-52.0,0.0,True,-51.818923916356475,4.260718944831057,True
28,2.8,-52.0,0.0,True,-51.79878788263027,4.17635105705636,True
29,2.9,-52.0,0.0,True,-51.7791688809621,4.0936537653899085,True
30,3.0,-52.0,0.0,True,-51.7600560833483,4.012593989812392,True
31,3.1,-52.0,0.0,True,-51.74143887913715,3.9331393053327663,True
32,3.2,-52.0,0.0,True,-51.72330687071024,3.8552579290178306,True
33,3.3,-52.0,0.0,True,-51.7056498692496,3.7789187072786263,True
34,3.4,-52.0,0.0,True,-51.68845789058857,3.704091103408588,True
35,3.5,-52.0,0.0,True,-51.67172115114505,3.630745185368453,True
36,3.6,-52.0,0.0,True,-51.65543006393521,3.558851613813047,True
37,3.7,-52.0,0.0,True,-51.639575234666296,3.4883816303551534,True
38,3.8,-52.0,0.0,True,-51.62414745790683,3.4193070460617774,True
39,3.9,-52.0,0.0,True,-51.60913771333275,3.3516002301781946,True
40,4.0,-52.0,0.0,True,-51.59453716204794,3.2852340990752817,True
41,4.1,-52.0,0.0,True,-51.58033714297764,3.2201821054157045,True
42,4.2,-52.0,0.0,True,-51.56652916933344,3.1564182275346275,True
43,4.3,-52.0,0.0,True,-51.553104925148254,3.093916959030702,True
44,4.4,-52.0,0.0,True,-51.54005626188001,3.0326532985631647,True
45,4.5,-52.0,0.0,True,-51.52737519508267,2.972602739850969,True
46,4.6,-52.0,0.0,True,-51.515053901143204,2.9137412618699456,True
47,4.7,-52.0,0.0,True,-51.50308471408329,2.8560453192440716,True
48,4.8,-52.0,0.0,True,-51.491460122424385,2.799491832827007,True
49,4.9,-52.0,0.0,True,-51.4801727661149,2.744058180470129,True
